﻿<?xml version="1.0" encoding="utf-8"?>
<?xml-stylesheet type="text/xsl" href="_ConvertModelWizard_Files\UpgradeReferences.xslt"?>
<UpgradeLog>
  <Events>
    <Event EventType="Success" Action="Analyze" SourceItem="C:\Users\ari.koskenvirta\Documents\Telerik\Esimerkkiprojektit\TestFilterTR\TestFilter\TestFilter\TestFilter.csproj" Message="Assembly References" />
    <Event EventType="Success" Action="Analyze" SourceItem="C:\Users\ari.koskenvirta\Documents\Telerik\Esimerkkiprojektit\TestFilterTR\TestFilter\TestFilter\TestFilter.csproj" Message="Project References" />
    <Event EventType="Success" Action="Analyze" SourceItem="C:\Users\ari.koskenvirta\Documents\Telerik\Esimerkkiprojektit\TestFilterTR\TestFilter\TestFilter\TestFilter.csproj" Message="Import Directives" />
    <Event EventType="Success" Action="Analyze" SourceItem="C:\Users\ari.koskenvirta\Documents\Telerik\Esimerkkiprojektit\TestFilterTR\TestFilter\TestFilter\About.aspx" Message="Register Directives" />
    <Event EventType="Success" Action="Analyze" SourceItem="C:\Users\ari.koskenvirta\Documents\Telerik\Esimerkkiprojektit\TestFilterTR\TestFilter\TestFilter\About.aspx" Message="Assembly Directives" />
    <Event EventType="Success" Action="Analyze" SourceItem="C:\Users\ari.koskenvirta\Documents\Telerik\Esimerkkiprojektit\TestFilterTR\TestFilter\TestFilter\About.aspx" Message="About.aspx" />
    <Event EventType="Success" Action="Analyze" SourceItem="C:\Users\ari.koskenvirta\Documents\Telerik\Esimerkkiprojektit\TestFilterTR\TestFilter\TestFilter\Account\Login.aspx" Message="Register Directives" />
    <Event EventType="Success" Action="Analyze" SourceItem="C:\Users\ari.koskenvirta\Documents\Telerik\Esimerkkiprojektit\TestFilterTR\TestFilter\TestFilter\Account\Login.aspx" Message="Assembly Directives" />
    <Event EventType="Success" Action="Analyze" SourceItem="C:\Users\ari.koskenvirta\Documents\Telerik\Esimerkkiprojektit\TestFilterTR\TestFilter\TestFilter\Account\Login.aspx" Message="Login.aspx" />
    <Event EventType="Success" Action="Analyze" SourceItem="C:\Users\ari.koskenvirta\Documents\Telerik\Esimerkkiprojektit\TestFilterTR\TestFilter\TestFilter\Account\Manage.aspx" Message="Register Directives" />
    <Event EventType="Success" Action="Analyze" SourceItem="C:\Users\ari.koskenvirta\Documents\Telerik\Esimerkkiprojektit\TestFilterTR\TestFilter\TestFilter\Account\Manage.aspx" Message="Assembly Directives" />
    <Event EventType="Success" Action="Analyze" SourceItem="C:\Users\ari.koskenvirta\Documents\Telerik\Esimerkkiprojektit\TestFilterTR\TestFilter\TestFilter\Account\Manage.aspx" Message="Manage.aspx" />
    <Event EventType="Success" Action="Analyze" SourceItem="C:\Users\ari.koskenvirta\Documents\Telerik\Esimerkkiprojektit\TestFilterTR\TestFilter\TestFilter\Account\OpenAuthProviders.ascx" Message="Register Directives" />
    <Event EventType="Success" Action="Analyze" SourceItem="C:\Users\ari.koskenvirta\Documents\Telerik\Esimerkkiprojektit\TestFilterTR\TestFilter\TestFilter\Account\OpenAuthProviders.ascx" Message="Assembly Directives" />
    <Event EventType="Success" Action="Analyze" SourceItem="C:\Users\ari.koskenvirta\Documents\Telerik\Esimerkkiprojektit\TestFilterTR\TestFilter\TestFilter\Account\OpenAuthProviders.ascx" Message="OpenAuthProviders.ascx" />
    <Event EventType="Success" Action="Analyze" SourceItem="C:\Users\ari.koskenvirta\Documents\Telerik\Esimerkkiprojektit\TestFilterTR\TestFilter\TestFilter\Account\Register.aspx" Message="Register Directives" />
    <Event EventType="Success" Action="Analyze" SourceItem="C:\Users\ari.koskenvirta\Documents\Telerik\Esimerkkiprojektit\TestFilterTR\TestFilter\TestFilter\Account\Register.aspx" Message="Assembly Directives" />
    <Event EventType="Success" Action="Analyze" SourceItem="C:\Users\ari.koskenvirta\Documents\Telerik\Esimerkkiprojektit\TestFilterTR\TestFilter\TestFilter\Account\Register.aspx" Message="Register.aspx" />
    <Event EventType="Success" Action="Analyze" SourceItem="C:\Users\ari.koskenvirta\Documents\Telerik\Esimerkkiprojektit\TestFilterTR\TestFilter\TestFilter\Account\RegisterExternalLogin.aspx" Message="Register Directives" />
    <Event EventType="Success" Action="Analyze" SourceItem="C:\Users\ari.koskenvirta\Documents\Telerik\Esimerkkiprojektit\TestFilterTR\TestFilter\TestFilter\Account\RegisterExternalLogin.aspx" Message="Assembly Directives" />
    <Event EventType="Success" Action="Analyze" SourceItem="C:\Users\ari.koskenvirta\Documents\Telerik\Esimerkkiprojektit\TestFilterTR\TestFilter\TestFilter\Account\RegisterExternalLogin.aspx" Message="RegisterExternalLogin.aspx" />
    <Event EventType="Success" Action="Analyze" SourceItem="C:\Users\ari.koskenvirta\Documents\Telerik\Esimerkkiprojektit\TestFilterTR\TestFilter\TestFilter\Account\Web.config" Message="Assembly References" />
    <Event EventType="Success" Action="Analyze" SourceItem="C:\Users\ari.koskenvirta\Documents\Telerik\Esimerkkiprojektit\TestFilterTR\TestFilter\TestFilter\Account\Web.config" Message="Http Handlers" />
    <Event EventType="Success" Action="Analyze" SourceItem="C:\Users\ari.koskenvirta\Documents\Telerik\Esimerkkiprojektit\TestFilterTR\TestFilter\TestFilter\Account\Web.config" Message="Handlers (IIS7+)" />
    <Event EventType="Success" Action="Analyze" SourceItem="C:\Users\ari.koskenvirta\Documents\Telerik\Esimerkkiprojektit\TestFilterTR\TestFilter\TestFilter\Account\Web.config" Message="Config Sections" />
    <Event EventType="Success" Action="Analyze" SourceItem="C:\Users\ari.koskenvirta\Documents\Telerik\Esimerkkiprojektit\TestFilterTR\TestFilter\TestFilter\Account\Web.config" Message="Render Extensions" />
    <Event EventType="Success" Action="Analyze" SourceItem="C:\Users\ari.koskenvirta\Documents\Telerik\Esimerkkiprojektit\TestFilterTR\TestFilter\TestFilter\Account\Web.config" Message="Web.config" />
    <Event EventType="Success" Action="Analyze" SourceItem="C:\Users\ari.koskenvirta\Documents\Telerik\Esimerkkiprojektit\TestFilterTR\TestFilter\TestFilter\Contact.aspx" Message="Register Directives" />
    <Event EventType="Success" Action="Analyze" SourceItem="C:\Users\ari.koskenvirta\Documents\Telerik\Esimerkkiprojektit\TestFilterTR\TestFilter\TestFilter\Contact.aspx" Message="Assembly Directives" />
    <Event EventType="Success" Action="Analyze" SourceItem="C:\Users\ari.koskenvirta\Documents\Telerik\Esimerkkiprojektit\TestFilterTR\TestFilter\TestFilter\Contact.aspx" Message="Contact.aspx" />
    <Event EventType="Success" Action="Analyze" SourceItem="C:\Users\ari.koskenvirta\Documents\Telerik\Esimerkkiprojektit\TestFilterTR\TestFilter\TestFilter\Default.aspx" Message="Register Directives" />
    <Event EventType="Success" Action="Analyze" SourceItem="C:\Users\ari.koskenvirta\Documents\Telerik\Esimerkkiprojektit\TestFilterTR\TestFilter\TestFilter\Default.aspx" Message="Assembly Directives" />
    <Event EventType="Success" Action="Analyze" SourceItem="C:\Users\ari.koskenvirta\Documents\Telerik\Esimerkkiprojektit\TestFilterTR\TestFilter\TestFilter\Default.aspx" Message="Default.aspx" />
    <Event EventType="Success" Action="Analyze" SourceItem="C:\Users\ari.koskenvirta\Documents\Telerik\Esimerkkiprojektit\TestFilterTR\TestFilter\TestFilter\packages.config" Message="Assembly References" />
    <Event EventType="Success" Action="Analyze" SourceItem="C:\Users\ari.koskenvirta\Documents\Telerik\Esimerkkiprojektit\TestFilterTR\TestFilter\TestFilter\packages.config" Message="Http Handlers" />
    <Event EventType="Success" Action="Analyze" SourceItem="C:\Users\ari.koskenvirta\Documents\Telerik\Esimerkkiprojektit\TestFilterTR\TestFilter\TestFilter\packages.config" Message="Handlers (IIS7+)" />
    <Event EventType="Success" Action="Analyze" SourceItem="C:\Users\ari.koskenvirta\Documents\Telerik\Esimerkkiprojektit\TestFilterTR\TestFilter\TestFilter\packages.config" Message="Config Sections" />
    <Event EventType="Success" Action="Analyze" SourceItem="C:\Users\ari.koskenvirta\Documents\Telerik\Esimerkkiprojektit\TestFilterTR\TestFilter\TestFilter\packages.config" Message="Render Extensions" />
    <Event EventType="Success" Action="Analyze" SourceItem="C:\Users\ari.koskenvirta\Documents\Telerik\Esimerkkiprojektit\TestFilterTR\TestFilter\TestFilter\packages.config" Message="packages.config" />
    <Event EventType="Success" Action="Analyze" SourceItem="C:\Users\ari.koskenvirta\Documents\Telerik\Esimerkkiprojektit\TestFilterTR\TestFilter\TestFilter\Site.Master" Message="Register Directives" />
    <Event EventType="Success" Action="Analyze" SourceItem="C:\Users\ari.koskenvirta\Documents\Telerik\Esimerkkiprojektit\TestFilterTR\TestFilter\TestFilter\Site.Master" Message="Assembly Directives" />
    <Event EventType="Success" Action="Analyze" SourceItem="C:\Users\ari.koskenvirta\Documents\Telerik\Esimerkkiprojektit\TestFilterTR\TestFilter\TestFilter\Site.Master" Message="Site.Master" />
    <Event EventType="Success" Action="Analyze" SourceItem="C:\Users\ari.koskenvirta\Documents\Telerik\Esimerkkiprojektit\TestFilterTR\TestFilter\TestFilter\Site.Mobile.Master" Message="Register Directives" />
    <Event EventType="Success" Action="Analyze" SourceItem="C:\Users\ari.koskenvirta\Documents\Telerik\Esimerkkiprojektit\TestFilterTR\TestFilter\TestFilter\Site.Mobile.Master" Message="Assembly Directives" />
    <Event EventType="Success" Action="Analyze" SourceItem="C:\Users\ari.koskenvirta\Documents\Telerik\Esimerkkiprojektit\TestFilterTR\TestFilter\TestFilter\Site.Mobile.Master" Message="Site.Mobile.Master" />
    <Event EventType="Success" Action="Analyze" SourceItem="C:\Users\ari.koskenvirta\Documents\Telerik\Esimerkkiprojektit\TestFilterTR\TestFilter\TestFilter\Web.config" Message="Assembly References" />
    <Event EventType="Success" Action="Analyze" SourceItem="C:\Users\ari.koskenvirta\Documents\Telerik\Esimerkkiprojektit\TestFilterTR\TestFilter\TestFilter\Web.config" Message="Http Handlers" />
    <Event EventType="Success" Action="Analyze" SourceItem="C:\Users\ari.koskenvirta\Documents\Telerik\Esimerkkiprojektit\TestFilterTR\TestFilter\TestFilter\Web.config" Message="Handlers (IIS7+)" />
    <Event EventType="Success" Action="Analyze" SourceItem="C:\Users\ari.koskenvirta\Documents\Telerik\Esimerkkiprojektit\TestFilterTR\TestFilter\TestFilter\Web.config" Message="Config Sections" />
    <Event EventType="Success" Action="Analyze" SourceItem="C:\Users\ari.koskenvirta\Documents\Telerik\Esimerkkiprojektit\TestFilterTR\TestFilter\TestFilter\Web.config" Message="Render Extensions" />
    <Event EventType="Success" Action="Analyze" SourceItem="C:\Users\ari.koskenvirta\Documents\Telerik\Esimerkkiprojektit\TestFilterTR\TestFilter\TestFilter\Web.config" Message="Web.config" />
    <Event EventType="Success" Action="Analyze" SourceItem="C:\Users\ari.koskenvirta\Documents\Telerik\Esimerkkiprojektit\TestFilterTR\TestFilter\TestFilter\Web.Debug.config" Message="Assembly References" />
    <Event EventType="Success" Action="Analyze" SourceItem="C:\Users\ari.koskenvirta\Documents\Telerik\Esimerkkiprojektit\TestFilterTR\TestFilter\TestFilter\Web.Debug.config" Message="Http Handlers" />
    <Event EventType="Success" Action="Analyze" SourceItem="C:\Users\ari.koskenvirta\Documents\Telerik\Esimerkkiprojektit\TestFilterTR\TestFilter\TestFilter\Web.Debug.config" Message="Handlers (IIS7+)" />
    <Event EventType="Success" Action="Analyze" SourceItem="C:\Users\ari.koskenvirta\Documents\Telerik\Esimerkkiprojektit\TestFilterTR\TestFilter\TestFilter\Web.Debug.config" Message="Config Sections" />
    <Event EventType="Success" Action="Analyze" SourceItem="C:\Users\ari.koskenvirta\Documents\Telerik\Esimerkkiprojektit\TestFilterTR\TestFilter\TestFilter\Web.Debug.config" Message="Render Extensions" />
    <Event EventType="Success" Action="Analyze" SourceItem="C:\Users\ari.koskenvirta\Documents\Telerik\Esimerkkiprojektit\TestFilterTR\TestFilter\TestFilter\Web.Debug.config" Message="Web.Debug.config" />
    <Event EventType="Success" Action="Analyze" SourceItem="C:\Users\ari.koskenvirta\Documents\Telerik\Esimerkkiprojektit\TestFilterTR\TestFilter\TestFilter\Web.Release.config" Message="Assembly References" />
    <Event EventType="Success" Action="Analyze" SourceItem="C:\Users\ari.koskenvirta\Documents\Telerik\Esimerkkiprojektit\TestFilterTR\TestFilter\TestFilter\Web.Release.config" Message="Http Handlers" />
    <Event EventType="Success" Action="Analyze" SourceItem="C:\Users\ari.koskenvirta\Documents\Telerik\Esimerkkiprojektit\TestFilterTR\TestFilter\TestFilter\Web.Release.config" Message="Handlers (IIS7+)" />
    <Event EventType="Success" Action="Analyze" SourceItem="C:\Users\ari.koskenvirta\Documents\Telerik\Esimerkkiprojektit\TestFilterTR\TestFilter\TestFilter\Web.Release.config" Message="Config Sections" />
    <Event EventType="Success" Action="Analyze" SourceItem="C:\Users\ari.koskenvirta\Documents\Telerik\Esimerkkiprojektit\TestFilterTR\TestFilter\TestFilter\Web.Release.config" Message="Render Extensions" />
    <Event EventType="Success" Action="Analyze" SourceItem="C:\Users\ari.koskenvirta\Documents\Telerik\Esimerkkiprojektit\TestFilterTR\TestFilter\TestFilter\Web.Release.config" Message="Web.Release.config" />
    <Event EventType="Success" Action="Analyze" SourceItem="C:\Users\ari.koskenvirta\Documents\Telerik\Esimerkkiprojektit\TestFilterTR\TestFilter\TestFilter\ViewSwitcher.ascx" Message="Register Directives" />
    <Event EventType="Success" Action="Analyze" SourceItem="C:\Users\ari.koskenvirta\Documents\Telerik\Esimerkkiprojektit\TestFilterTR\TestFilter\TestFilter\ViewSwitcher.ascx" Message="Assembly Directives" />
    <Event EventType="Success" Action="Analyze" SourceItem="C:\Users\ari.koskenvirta\Documents\Telerik\Esimerkkiprojektit\TestFilterTR\TestFilter\TestFilter\ViewSwitcher.ascx" Message="ViewSwitcher.ascx" />
    <Event EventType="Success" Action="Analyze" SourceItem="C:\Users\ari.koskenvirta\Documents\Telerik\Esimerkkiprojektit\TestFilterTR\TestFilter\TestFilter\TestFilter.csproj" Message="TestFilter" />
    <Event EventType="Success" Action="Analyze" SourceItem="C:\Users\ari.koskenvirta\Documents\Telerik\Esimerkkiprojektit\TestFilterTR\TestFilter.sln" Message="TestFilter" />
  </Events>
</UpgradeLog>